{"cameraMode":{"drawMode":0,"name":"Shaded","section":"Shading Mode"},"sceneLighting":false,"audioPlay":false,"sceneViewState":{"showFog":true,"showMaterialUpdate":false,"showSkybox":true,"showFlares":true,"showImageEffects":true,"showParticleSystems":true},"in2DMode":false,"pivot":{"x":6.179999828338623,"y":1.38494873046875,"z":-1.2740002870559693},"rotation":{"x":-0.013447857461869717,"y":-0.08748223632574082,"z":-0.0011810751166194678,"w":0.9960770010948181},"size":6.230198383331299,"orthographic":true}