{"cameraMode":{"drawMode":0,"name":"Shaded","section":"Shading Mode"},"sceneLighting":true,"audioPlay":false,"sceneViewState":{"showFog":true,"showMaterialUpdate":false,"showSkybox":true,"showFlares":true,"showImageEffects":true,"showParticleSystems":true},"in2DMode":false,"pivot":{"x":1.513671875,"y":1.3273468017578126,"z":-3.0252685546875},"rotation":{"x":-0.013447857461869717,"y":-0.08748223632574082,"z":-0.0011810751166194678,"w":0.9960770010948181},"size":48.03095245361328,"orthographic":true}