{"cameraMode":{"drawMode":0,"name":"Shaded","section":"Shading Mode"},"sceneLighting":false,"audioPlay":false,"sceneViewState":{"showFog":true,"showMaterialUpdate":false,"showSkybox":true,"showFlares":true,"showImageEffects":true,"showParticleSystems":true},"in2DMode":false,"pivot":{"x":3.0147247314453127,"y":3.0518798828125,"z":0.34765625},"rotation":{"x":0.03299403190612793,"y":0.0029982642736285927,"z":-0.00009824548760661855,"w":0.9994583129882813},"size":11.27566909790039,"orthographic":true}