{"cameraMode":{"drawMode":0,"name":"Shaded","section":"Shading Mode"},"sceneLighting":true,"audioPlay":false,"sceneViewState":{"showFog":true,"showMaterialUpdate":false,"showSkybox":true,"showFlares":true,"showImageEffects":true,"showParticleSystems":true},"in2DMode":false,"pivot":{"x":8.883346557617188,"y":1.38494873046875,"z":-1.2739629745483399},"rotation":{"x":0.17230956256389619,"y":-0.40709754824638369,"z":0.07850401103496552,"w":0.89354407787323},"size":13.204981803894043,"orthographic":false}