{"cameraMode":{"drawMode":0,"name":"Shaded","section":"Shading Mode"},"sceneLighting":false,"audioPlay":false,"sceneViewState":{"showFog":true,"showMaterialUpdate":false,"showSkybox":true,"showFlares":true,"showImageEffects":true,"showParticleSystems":true},"in2DMode":false,"pivot":{"x":7.880000114440918,"y":18.420000076293947,"z":0.0},"rotation":{"x":0.09582933783531189,"y":-0.022099677473306657,"z":0.0021280450746417047,"w":0.9951506853103638},"size":5.335958480834961,"orthographic":false}